GREENHOUSE GAS SOURCE AND SINK CATEGORIES,Net CO2 emissions/removals (kt),CH4 (kt),N2O (kt),SF6 (kt),Sheet,Country,Year,Level,Parent_Sector,HFCs(1) (kt CO2 equivalent),PFCs(1)
A. Fuel combustion     Reference approach(2),96.74385808576488,,,,Summary1.As1,MONACCO,1990,Subsector,1. Energy,,
                                           Sectoral approach(2),97.90351696159664,0.01190811137498,0.00545999053393,,Summary1.As1,MONACCO,1990,Subsector,1. Energy,,
1.  Energy industries,17.04882724563133,2.376422137e-05,0.00244621498851,,Summary1.As1,MONACCO,1990,Subsector,1. Energy,,
2.  Manufacturing industries and construction                          ,3.57724479835963,0.00015760314432,0.00098701916252,,Summary1.As1,MONACCO,1990,Subsector,1. Energy,,
3.  Transport,34.45142861020944,0.01120860364376,0.0016069793649,,Summary1.As1,MONACCO,1990,Subsector,1. Energy,,
4.  Other sectors,42.82601630739624,0.00051814036553,0.000419777018,,Summary1.As1,MONACCO,1990,Subsector,1. Energy,,
B. Fugitive emissions from fuels,0.005132102,0.0708197553,,,Summary1.As1,MONACCO,1990,Subsector,1. Energy,,
2.  Oil and natural gas and other emissions from energy production,0.005132102,0.0708197553,,,Summary1.As1,MONACCO,1990,Subsector,1. Energy,,
D.  Non-energy products from fuels and solvent use ,0.03933476166977,1.393311163e-05,1.82745668e-06,,Summary1.As1,MONACCO,1990,Subsector,1. Energy,,
G.  Other product manufacture and use ,,,7.978123973e-05,3.5995201e-06,Summary1.As1,MONACCO,1990,Subsector,1. Energy,,
A. Fuel combustion     Reference approach(2),97.2240165731072,,,,Summary1.As1,MONACCO,1991,Subsector,1. Energy,,
                                           Sectoral approach(2),98.57510748353708,0.01347742539134,0.00650443182276,,Summary1.As1,MONACCO,1991,Subsector,1. Energy,,
1.  Energy industries,16.31481608288987,4.198438346e-05,0.0032771136003,,Summary1.As1,MONACCO,1991,Subsector,1. Energy,,
2.  Manufacturing industries and construction                          ,3.68442280067235,0.00015977583411,0.00098923462393,,Summary1.As1,MONACCO,1991,Subsector,1. Energy,,
3.  Transport,39.2480243493584,0.01277886456976,0.00183310886209,,Summary1.As1,MONACCO,1991,Subsector,1. Energy,,
4.  Other sectors,39.32784425061646,0.00049680060401,0.00040497473644,,Summary1.As1,MONACCO,1991,Subsector,1. Energy,,
B. Fugitive emissions from fuels,0.004327292,0.062873343,,,Summary1.As1,MONACCO,1991,Subsector,1. Energy,,
2.  Oil and natural gas and other emissions from energy production,0.004327292,0.062873343,,,Summary1.As1,MONACCO,1991,Subsector,1. Energy,,
D.  Non-energy products from fuels and solvent use ,0.04485533044799,1.591735587e-05,2.08609198e-06,,Summary1.As1,MONACCO,1991,Subsector,1. Energy,,
F.  Product uses as substitutes for ODS,,,,,Summary1.As1,MONACCO,1991,Subsector,1. Energy,0.03767685094829,
A. Fuel combustion     Reference approach(2),102.64317406350274,,,,Summary1.As1,MONACCO,1992,Subsector,1. Energy,,
                                           Sectoral approach(2),104.17243108044006,0.0153016826858,0.00699702042247,,Summary1.As1,MONACCO,1992,Subsector,1. Energy,,
1.  Energy industries,17.98503495091635,4.272308008e-05,0.00352106116653,,Summary1.As1,MONACCO,1992,Subsector,1. Energy,,
2.  Manufacturing industries and construction                          ,3.6284100160708,0.0001588423184,0.0009883110758,,Summary1.As1,MONACCO,1992,Subsector,1. Energy,,
3.  Transport,44.82558076358824,0.01462085795269,0.00210031453925,,Summary1.As1,MONACCO,1992,Subsector,1. Energy,,
4.  Other sectors,37.73340534986468,0.00047925933463,0.00038733364089,,Summary1.As1,MONACCO,1992,Subsector,1. Energy,,
B. Fugitive emissions from fuels,0.003522482,0.0549269307,,,Summary1.As1,MONACCO,1992,Subsector,1. Energy,,
2.  Oil and natural gas and other emissions from energy production,0.003522482,0.0549269307,,,Summary1.As1,MONACCO,1992,Subsector,1. Energy,,
D.  Non-energy products from fuels and solvent use ,0.05183398038205,1.823321205e-05,2.40872743e-06,,Summary1.As1,MONACCO,1992,Subsector,1. Energy,,
F.  Product uses as substitutes for ODS,,,,,Summary1.As1,MONACCO,1992,Subsector,1. Energy,0.07907383932256,
A. Fuel combustion     Reference approach(2),101.90159901935236,,,,Summary1.As1,MONACCO,1993,Subsector,1. Energy,,
                                           Sectoral approach(2),103.26708677556248,0.01423982996891,0.00745047208199,,Summary1.As1,MONACCO,1993,Subsector,1. Energy,,
1.  Energy industries,19.88210987631327,5.708517488e-05,0.00409651334558,,Summary1.As1,MONACCO,1993,Subsector,1. Energy,,
2.  Manufacturing industries and construction                          ,3.60655954559135,0.00015844040751,0.00098790701228,,Summary1.As1,MONACCO,1993,Subsector,1. Energy,,
3.  Transport,41.99101008348069,0.01354365035784,0.00198079921837,,Summary1.As1,MONACCO,1993,Subsector,1. Energy,,
4.  Other sectors,37.78740727017716,0.00048065402868,0.00038525250576,,Summary1.As1,MONACCO,1993,Subsector,1. Energy,,
B. Fugitive emissions from fuels,0.002425942,0.0438615225,,,Summary1.As1,MONACCO,1993,Subsector,1. Energy,,
2.  Oil and natural gas and other emissions from energy production,0.002425942,0.0438615225,,,Summary1.As1,MONACCO,1993,Subsector,1. Energy,,
D.  Non-energy products from fuels and solvent use ,0.04862461204902,1.694456679e-05,2.2755861e-06,,Summary1.As1,MONACCO,1993,Subsector,1. Energy,,
F.  Product uses as substitutes for ODS,,,,,Summary1.As1,MONACCO,1993,Subsector,1. Energy,0.30891842009791,
A. Fuel combustion     Reference approach(2),102.68153671031916,,,,Summary1.As1,MONACCO,1994,Subsector,1. Energy,,
                                           Sectoral approach(2),104.0753549426588,0.01484750819267,0.00771710778604,,Summary1.As1,MONACCO,1994,Subsector,1. Energy,,
1.  Energy industries,21.51970270345749,5.619266536e-05,0.00432158979001,,Summary1.As1,MONACCO,1994,Subsector,1. Energy,,
2.  Manufacturing industries and construction                          ,3.53218923348706,0.00015719398114,0.0009866727061,,Summary1.As1,MONACCO,1994,Subsector,1. Energy,,
3.  Transport,43.30963302521593,0.01418167688705,0.00204625892972,,Summary1.As1,MONACCO,1994,Subsector,1. Energy,,
4.  Other sectors,35.71382998049831,0.00045244465912,0.00036258636021,,Summary1.As1,MONACCO,1994,Subsector,1. Energy,,
B. Fugitive emissions from fuels,0.001352862,0.0332663061,,,Summary1.As1,MONACCO,1994,Subsector,1. Energy,,
2.  Oil and natural gas and other emissions from energy production,0.001352862,0.0332663061,,,Summary1.As1,MONACCO,1994,Subsector,1. Energy,,
D.  Non-energy products from fuels and solvent use ,0.05153862178176,1.80945367e-05,2.40931952e-06,,Summary1.As1,MONACCO,1994,Subsector,1. Energy,,
F.  Product uses as substitutes for ODS,,,,,Summary1.As1,MONACCO,1994,Subsector,1. Energy,0.3731735725067,
A. Fuel combustion     Reference approach(2),99.54417083439228,,,,Summary1.As1,MONACCO,1995,Subsector,1. Energy,,
                                           Sectoral approach(2),100.8549598151109,0.01421962192026,0.00762604141179,,Summary1.As1,MONACCO,1995,Subsector,1. Energy,,
1.  Energy industries,21.48227776495273,5.566651168e-05,0.00429626622688,,Summary1.As1,MONACCO,1995,Subsector,1. Energy,,
2.  Manufacturing industries and construction                          ,3.55869043564384,0.00015776600589,0.00098726087551,,Summary1.As1,MONACCO,1995,Subsector,1. Energy,,
3.  Transport,41.90410953590952,0.01359164058405,0.00198851393152,,Summary1.As1,MONACCO,1995,Subsector,1. Energy,,
4.  Other sectors,33.90988207860481,0.00041454881864,0.00035400037788,,Summary1.As1,MONACCO,1995,Subsector,1. Energy,,
B. Fugitive emissions from fuels,0.000792862,0.0274985061,,,Summary1.As1,MONACCO,1995,Subsector,1. Energy,,
2.  Oil and natural gas and other emissions from energy production,0.000792862,0.0274985061,,,Summary1.As1,MONACCO,1995,Subsector,1. Energy,,
D.  Non-energy products from fuels and solvent use ,0.05056819242287,1.751390741e-05,2.37041792e-06,,Summary1.As1,MONACCO,1995,Subsector,1. Energy,,
F.  Product uses as substitutes for ODS,,,,,Summary1.As1,MONACCO,1995,Subsector,1. Energy,0.42518024593717,
A. Fuel combustion     Reference approach(2),103.12138189368504,,,,Summary1.As1,MONACCO,1996,Subsector,1. Energy,,
                                           Sectoral approach(2),104.35105656935994,0.01399886272233,0.00790032431492,,Summary1.As1,MONACCO,1996,Subsector,1. Energy,,
1.  Energy industries,23.08640475000365,5.919593133e-05,0.00455259708375,,Summary1.As1,MONACCO,1996,Subsector,1. Energy,,
2.  Manufacturing industries and construction                          ,3.55850494158125,0.00015765188209,0.00098712901599,,Summary1.As1,MONACCO,1996,Subsector,1. Energy,,
3.  Transport,41.68619041212602,0.01333323012749,0.0019923345196,,Summary1.As1,MONACCO,1996,Subsector,1. Energy,,
4.  Other sectors,36.01995646564902,0.00044878478142,0.00036826369558,,Summary1.As1,MONACCO,1996,Subsector,1. Energy,,
B. Fugitive emissions from fuels,0.000804592,0.027733602,,,Summary1.As1,MONACCO,1996,Subsector,1. Energy,,
2.  Oil and natural gas and other emissions from energy production,0.000804592,0.027733602,,,Summary1.As1,MONACCO,1996,Subsector,1. Energy,,
D.  Non-energy products from fuels and solvent use ,0.05116549353985,1.737405909e-05,2.40893612e-06,,Summary1.As1,MONACCO,1996,Subsector,1. Energy,,
F.  Product uses as substitutes for ODS,,,,,Summary1.As1,MONACCO,1996,Subsector,1. Energy,0.58154778661486,
A. Fuel combustion     Reference approach(2),101.71793052183914,,,,Summary1.As1,MONACCO,1997,Subsector,1. Energy,,
                                           Sectoral approach(2),102.84981170132444,0.01315309777183,0.00830971646985,,Summary1.As1,MONACCO,1997,Subsector,1. Energy,,
1.  Energy industries,26.02939851353567,6.170210952e-05,0.00507099944757,,Summary1.As1,MONACCO,1997,Subsector,1. Energy,,
2.  Manufacturing industries and construction                          ,3.51151955113036,0.0001569295906,0.00098642481119,,Summary1.As1,MONACCO,1997,Subsector,1. Energy,,
3.  Transport,39.74026789200774,0.01251568276357,0.00190659567019,,Summary1.As1,MONACCO,1997,Subsector,1. Energy,,
4.  Other sectors,33.56862574465066,0.00041878330814,0.0003456965409,,Summary1.As1,MONACCO,1997,Subsector,1. Energy,,
B. Fugitive emissions from fuels,0.000804592,0.027733602,,,Summary1.As1,MONACCO,1997,Subsector,1. Energy,,
2.  Oil and natural gas and other emissions from energy production,0.000804592,0.027733602,,,Summary1.As1,MONACCO,1997,Subsector,1. Energy,,
D.  Non-energy products from fuels and solvent use ,0.04874266929852,1.635832876e-05,2.29763518e-06,,Summary1.As1,MONACCO,1997,Subsector,1. Energy,,
F.  Product uses as substitutes for ODS,,,,,Summary1.As1,MONACCO,1997,Subsector,1. Energy,0.73779668451782,
A. Fuel combustion     Reference approach(2),100.61715919020492,,,,Summary1.As1,MONACCO,1998,Subsector,1. Energy,,
                                           Sectoral approach(2),101.67119033668976,0.01266270022862,0.0080445586793,,Summary1.As1,MONACCO,1998,Subsector,1. Energy,,
1.  Energy industries,24.49624040022118,6.136575523e-05,0.00484429636871,,Summary1.As1,MONACCO,1998,Subsector,1. Energy,,
2.  Manufacturing industries and construction                          ,3.55320412328683,0.00015760209104,0.00098708633794,,Summary1.As1,MONACCO,1998,Subsector,1. Energy,,
3.  Transport,38.44639484607167,0.01200528347148,0.00185148996183,,Summary1.As1,MONACCO,1998,Subsector,1. Energy,,
4.  Other sectors,35.17535096711008,0.00043844891087,0.00036168601082,,Summary1.As1,MONACCO,1998,Subsector,1. Energy,,
B. Fugitive emissions from fuels,0.000804592,0.027733602,,,Summary1.As1,MONACCO,1998,Subsector,1. Energy,,
2.  Oil and natural gas and other emissions from energy production,0.000804592,0.027733602,,,Summary1.As1,MONACCO,1998,Subsector,1. Energy,,
D.  Non-energy products from fuels and solvent use ,0.04837071362515,1.601652274e-05,2.2894087e-06,,Summary1.As1,MONACCO,1998,Subsector,1. Energy,,
F.  Product uses as substitutes for ODS,,,,,Summary1.As1,MONACCO,1998,Subsector,1. Energy,1.05475285353583,
A. Fuel combustion     Reference approach(2),101.31004443736394,,,,Summary1.As1,MONACCO,1999,Subsector,1. Energy,,
                                           Sectoral approach(2),102.38393970664464,0.0128391774936,0.00800309727192,,Summary1.As1,MONACCO,1999,Subsector,1. Energy,,
1.  Energy industries,24.93875989421096,5.825945462e-05,0.00477805508798,,Summary1.As1,MONACCO,1999,Subsector,1. Energy,,
2.  Manufacturing industries and construction                          ,3.59435423953372,0.00015836220676,0.00098785274774,,Summary1.As1,MONACCO,1999,Subsector,1. Energy,,
3.  Transport,38.89726700503467,0.01217954759729,0.0018732639001,,Summary1.As1,MONACCO,1999,Subsector,1. Energy,,
4.  Other sectors,34.95355856786529,0.00044300823493,0.0003639255361,,Summary1.As1,MONACCO,1999,Subsector,1. Energy,,
B. Fugitive emissions from fuels,0.000804592,0.027733602,,,Summary1.As1,MONACCO,1999,Subsector,1. Energy,,
2.  Oil and natural gas and other emissions from energy production,0.000804592,0.027733602,,,Summary1.As1,MONACCO,1999,Subsector,1. Energy,,
D.  Non-energy products from fuels and solvent use ,0.04971942358407,1.647127963e-05,2.35602238e-06,,Summary1.As1,MONACCO,1999,Subsector,1. Energy,,
F.  Product uses as substitutes for ODS,,,,,Summary1.As1,MONACCO,1999,Subsector,1. Energy,1.29513794771932,
A. Fuel combustion     Reference approach(2),98.89176907783086,,,,Summary1.As1,MONACCO,2000,Subsector,1. Energy,,
                                           Sectoral approach(2),99.93832919390084,0.0120347058121,0.00812101934186,,Summary1.As1,MONACCO,2000,Subsector,1. Energy,,
1.  Energy industries,25.64774598161312,6.042147056e-05,0.00498182800196,,Summary1.As1,MONACCO,2000,Subsector,1. Energy,,
2.  Manufacturing industries and construction                          ,3.66435255095617,0.00015973559651,0.00098924693836,,Summary1.As1,MONACCO,2000,Subsector,1. Energy,,
3.  Transport,37.26711863096542,0.01138431976039,0.00179019881489,,Summary1.As1,MONACCO,2000,Subsector,1. Energy,,
4.  Other sectors,33.35911203036613,0.00043022898464,0.00035974558665,,Summary1.As1,MONACCO,2000,Subsector,1. Energy,,
B. Fugitive emissions from fuels,0.000690912,0.0265627386,,,Summary1.As1,MONACCO,2000,Subsector,1. Energy,,
2.  Oil and natural gas and other emissions from energy production,0.000690912,0.0265627386,,,Summary1.As1,MONACCO,2000,Subsector,1. Energy,,
D.  Non-energy products from fuels and solvent use ,0.04692283607296,1.54690442e-05,2.22675682e-06,,Summary1.As1,MONACCO,2000,Subsector,1. Energy,,
F.  Product uses as substitutes for ODS,,,,,Summary1.As1,MONACCO,2000,Subsector,1. Energy,1.58687989813171,
A. Fuel combustion     Reference approach(2),98.69283413492202,,,,Summary1.As1,MONACCO,2001,Subsector,1. Energy,,
                                           Sectoral approach(2),99.59751499100337,0.01165053410433,0.0082906797081,,Summary1.As1,MONACCO,2001,Subsector,1. Energy,,
1.  Energy industries,27.16414046893216,5.876449847e-05,0.00514834096047,,Summary1.As1,MONACCO,2001,Subsector,1. Energy,,
2.  Manufacturing industries and construction                          ,3.6344040020142,0.00015927784147,0.00098880109293,,Summary1.As1,MONACCO,2001,Subsector,1. Energy,,
3.  Transport,37.034192878971,0.0110210475431,0.00180845966771,,Summary1.As1,MONACCO,2001,Subsector,1. Energy,,
4.  Other sectors,31.76477764108599,0.00041144422129,0.00034507798699,,Summary1.As1,MONACCO,2001,Subsector,1. Energy,,
B. Fugitive emissions from fuels,0.000524592,0.024849702,,,Summary1.As1,MONACCO,2001,Subsector,1. Energy,,
2.  Oil and natural gas and other emissions from energy production,0.000524592,0.024849702,,,Summary1.As1,MONACCO,2001,Subsector,1. Energy,,
D.  Non-energy products from fuels and solvent use ,0.04648200333,1.498883986e-05,2.22110888e-06,,Summary1.As1,MONACCO,2001,Subsector,1. Energy,,
F.  Product uses as substitutes for ODS,,,,,Summary1.As1,MONACCO,2001,Subsector,1. Energy,2.33428264566797,0.04614558
A. Fuel combustion     Reference approach(2),98.44344965130662,,,,Summary1.As1,MONACCO,2002,Subsector,1. Energy,,
                                           Sectoral approach(2),99.33436057839717,0.0116821811928,0.00785287169564,,Summary1.As1,MONACCO,2002,Subsector,1. Energy,,
1.  Energy industries,24.30308351981212,5.655801197e-05,0.00468460845897,,Summary1.As1,MONACCO,2002,Subsector,1. Energy,,
2.  Manufacturing industries and construction                          ,3.69041745973942,0.00016014859033,0.00098965190665,,Summary1.As1,MONACCO,2002,Subsector,1. Energy,,
3.  Transport,36.85621367618715,0.01102210640177,0.00180796007266,,Summary1.As1,MONACCO,2002,Subsector,1. Energy,,
4.  Other sectors,34.48464592265848,0.00044336818873,0.00037065125736,,Summary1.As1,MONACCO,2002,Subsector,1. Energy,,
B. Fugitive emissions from fuels,0.000524592,0.024849702,,,Summary1.As1,MONACCO,2002,Subsector,1. Energy,,
2.  Oil and natural gas and other emissions from energy production,0.000524592,0.024849702,,,Summary1.As1,MONACCO,2002,Subsector,1. Energy,,
D.  Non-energy products from fuels and solvent use ,0.04727428930447,1.526375531e-05,2.25978924e-06,,Summary1.As1,MONACCO,2002,Subsector,1. Energy,,
F.  Product uses as substitutes for ODS,,,,,Summary1.As1,MONACCO,2002,Subsector,1. Energy,3.05683796688321,0.0723177
A. Fuel combustion     Reference approach(2),95.84026218101918,,,,Summary1.As1,MONACCO,2003,Subsector,1. Energy,,
                                           Sectoral approach(2),96.62157624090538,0.01100121748712,0.00738125731752,,Summary1.As1,MONACCO,2003,Subsector,1. Energy,,
1.  Energy industries,20.09513421821267,6.034932403e-05,0.00420173237603,,Summary1.As1,MONACCO,2003,Subsector,1. Energy,,
2.  Manufacturing industries and construction                          ,3.68753376138428,0.00015999545081,0.00098948243528,,Summary1.As1,MONACCO,2003,Subsector,1. Energy,,
3.  Transport,36.67233496389287,0.01032502067081,0.00180710299706,,Summary1.As1,MONACCO,2003,Subsector,1. Energy,,
4.  Other sectors,36.16657329741556,0.00045585204147,0.00038293950915,,Summary1.As1,MONACCO,2003,Subsector,1. Energy,,
B. Fugitive emissions from fuels,0.000524592,0.024849702,,,Summary1.As1,MONACCO,2003,Subsector,1. Energy,,
2.  Oil and natural gas and other emissions from energy production,0.000524592,0.024849702,,,Summary1.As1,MONACCO,2003,Subsector,1. Energy,,
D.  Non-energy products from fuels and solvent use ,0.04689777841596,1.43510071e-05,2.26471492e-06,,Summary1.As1,MONACCO,2003,Subsector,1. Energy,,
F.  Product uses as substitutes for ODS,,,,,Summary1.As1,MONACCO,2003,Subsector,1. Energy,2.96859309234351,0.03994692
A. Fuel combustion     Reference approach(2),90.69779260237904,,,,Summary1.As1,MONACCO,2004,Subsector,1. Energy,,
                                           Sectoral approach(2),91.43302724757667,0.01046654281005,0.00706924972264,,Summary1.As1,MONACCO,2004,Subsector,1. Energy,,
1.  Energy industries,17.84223881073643,6.07418009e-05,0.0039390212729,,Summary1.As1,MONACCO,2004,Subsector,1. Energy,,
2.  Manufacturing industries and construction                          ,3.68800578920992,0.00016012706027,0.0009896337927,,Summary1.As1,MONACCO,2004,Subsector,1. Energy,,
3.  Transport,35.84780141099999,0.0098092554109,0.00177311906453,,Summary1.As1,MONACCO,2004,Subsector,1. Energy,,
4.  Other sectors,34.05498123663035,0.00043641853798,0.00036747559251,,Summary1.As1,MONACCO,2004,Subsector,1. Energy,,
B. Fugitive emissions from fuels,0.000524592,0.024849702,,,Summary1.As1,MONACCO,2004,Subsector,1. Energy,,
2.  Oil and natural gas and other emissions from energy production,0.000524592,0.024849702,,,Summary1.As1,MONACCO,2004,Subsector,1. Energy,,
D.  Non-energy products from fuels and solvent use ,0.04595667949776,1.371722704e-05,2.23237359e-06,,Summary1.As1,MONACCO,2004,Subsector,1. Energy,,
F.  Product uses as substitutes for ODS,,,,,Summary1.As1,MONACCO,2004,Subsector,1. Energy,2.79340677985755,0.00484767
A. Fuel combustion     Reference approach(2),88.67708694188713,,,,Summary1.As1,MONACCO,2005,Subsector,1. Energy,,
                                           Sectoral approach(2),89.3277042644935,0.00973118304365,0.00681921355237,,Summary1.As1,MONACCO,2005,Subsector,1. Energy,,
1.  Energy industries,17.81541934366929,5.305852538e-05,0.00374438430238,,Summary1.As1,MONACCO,2005,Subsector,1. Energy,,
2.  Manufacturing industries and construction                          ,3.71027371421464,0.00016056049419,0.0009900732877,,Summary1.As1,MONACCO,2005,Subsector,1. Energy,,
3.  Transport,34.21869049074465,0.0090865652517,0.00171821037439,,Summary1.As1,MONACCO,2005,Subsector,1. Energy,,
4.  Other sectors,33.58332071586492,0.00043099877238,0.0003665455879,,Summary1.As1,MONACCO,2005,Subsector,1. Energy,,
B. Fugitive emissions from fuels,0.00063840017,0.0259794687482,,,Summary1.As1,MONACCO,2005,Subsector,1. Energy,,
2.  Oil and natural gas and other emissions from energy production,0.00063840017,0.0259794687482,,,Summary1.As1,MONACCO,2005,Subsector,1. Energy,,
D.  Non-energy products from fuels and solvent use ,0.04426514531054,1.275908644e-05,2.16008784e-06,,Summary1.As1,MONACCO,2005,Subsector,1. Energy,,
F.  Product uses as substitutes for ODS,,,,,Summary1.As1,MONACCO,2005,Subsector,1. Energy,3.67177299211127,0.07989384
A. Fuel combustion     Reference approach(2),82.94448171923715,,,,Summary1.As1,MONACCO,2006,Subsector,1. Energy,,
                                           Sectoral approach(2),83.57075331197056,0.00960394701714,0.00589568357602,,Summary1.As1,MONACCO,2006,Subsector,1. Energy,,
1.  Energy industries,14.20552396973343,6.383461688e-05,0.00282314321172,,Summary1.As1,MONACCO,2006,Subsector,1. Energy,,
2.  Manufacturing industries and construction                          ,3.66605066116407,0.00015986721229,0.00098939481218,,Summary1.As1,MONACCO,2006,Subsector,1. Energy,,
3.  Transport,34.19078157900045,0.00897570836213,0.00173609967337,,Summary1.As1,MONACCO,2006,Subsector,1. Energy,,
4.  Other sectors,31.50839710207261,0.00040453682584,0.00034704587875,,Summary1.As1,MONACCO,2006,Subsector,1. Energy,,
B. Fugitive emissions from fuels,0.00063856895,0.0259910352956,,,Summary1.As1,MONACCO,2006,Subsector,1. Energy,,
2.  Oil and natural gas and other emissions from energy production,0.00063856895,0.0259910352956,,,Summary1.As1,MONACCO,2006,Subsector,1. Energy,,
D.  Non-energy products from fuels and solvent use ,0.04582225776551,1.295249517e-05,2.25113386e-06,,Summary1.As1,MONACCO,2006,Subsector,1. Energy,,
F.  Product uses as substitutes for ODS,,,,,Summary1.As1,MONACCO,2006,Subsector,1. Energy,4.52576114991456,0.09001302
A. Fuel combustion     Reference approach(2),81.7087468459666,,,,Summary1.As1,MONACCO,2007,Subsector,1. Energy,,
                                           Sectoral approach(2),82.28094453050701,0.00933954062801,0.00695108189583,,Summary1.As1,MONACCO,2007,Subsector,1. Energy,,
1.  Energy industries,18.66444272975405,7.20767246e-05,0.00391334730223,,Summary1.As1,MONACCO,2007,Subsector,1. Energy,,
2.  Manufacturing industries and construction                          ,3.61105823975868,0.00015915442572,0.0009887243689,,Summary1.As1,MONACCO,2007,Subsector,1. Energy,,
3.  Transport,33.55100456838759,0.00875313395152,0.00174490886001,,Summary1.As1,MONACCO,2007,Subsector,1. Energy,,
4.  Other sectors,26.4544389926067,0.00035517552617,0.00030410136469,,Summary1.As1,MONACCO,2007,Subsector,1. Energy,,
B. Fugitive emissions from fuels,0.00057359395,0.0253788480918,,,Summary1.As1,MONACCO,2007,Subsector,1. Energy,,
2.  Oil and natural gas and other emissions from energy production,0.00057359395,0.0253788480918,,,Summary1.As1,MONACCO,2007,Subsector,1. Energy,,
D.  Non-energy products from fuels and solvent use ,0.04630221087921,1.278318681e-05,2.26898695e-06,,Summary1.As1,MONACCO,2007,Subsector,1. Energy,,
F.  Product uses as substitutes for ODS,,,,,Summary1.As1,MONACCO,2007,Subsector,1. Energy,4.8736942916683,0.0807945
A. Fuel combustion     Reference approach(2),81.4796720296401,,,,Summary1.As1,MONACCO,2008,Subsector,1. Energy,,
                                           Sectoral approach(2),81.89964447529456,0.00871280320497,0.00652635663019,,Summary1.As1,MONACCO,2008,Subsector,1. Energy,,
1.  Energy industries,17.88214779262584,4.723169659e-05,0.00345812005766,,Summary1.As1,MONACCO,2008,Subsector,1. Energy,,
2.  Manufacturing industries and construction                          ,3.72528720785945,0.00016117839847,0.0009907474715,,Summary1.As1,MONACCO,2008,Subsector,1. Energy,,
3.  Transport,32.62542996908369,0.00812905438646,0.00175266849036,,Summary1.As1,MONACCO,2008,Subsector,1. Energy,,
4.  Other sectors,27.66677950572559,0.00037533872345,0.00032482061067,,Summary1.As1,MONACCO,2008,Subsector,1. Energy,,
B. Fugitive emissions from fuels,0.00047500441,0.0243520088876,,,Summary1.As1,MONACCO,2008,Subsector,1. Energy,,
2.  Oil and natural gas and other emissions from energy production,0.00047500441,0.0243520088876,,,Summary1.As1,MONACCO,2008,Subsector,1. Energy,,
D.  Non-energy products from fuels and solvent use ,0.04547187385953,1.193065573e-05,2.27213971e-06,,Summary1.As1,MONACCO,2008,Subsector,1. Energy,,
F.  Product uses as substitutes for ODS,,,,,Summary1.As1,MONACCO,2008,Subsector,1. Energy,6.02198745343972,0.02002644
A. Fuel combustion     Reference approach(2),78.55798888683431,,,,Summary1.As1,MONACCO,2009,Subsector,1. Energy,,
                                           Sectoral approach(2),78.83976648416434,0.00745615715548,0.00664154884524,,Summary1.As1,MONACCO,2009,Subsector,1. Energy,,
1.  Energy industries,17.26203470079165,6.138821034e-05,0.00370104066214,,Summary1.As1,MONACCO,2009,Subsector,1. Energy,,
2.  Manufacturing industries and construction                          ,3.66733413842255,0.00016010391773,0.00098966579804,,Summary1.As1,MONACCO,2009,Subsector,1. Energy,,
3.  Transport,30.07186044292135,0.00686448959392,0.0016305729824,,Summary1.As1,MONACCO,2009,Subsector,1. Energy,,
4.  Other sectors,27.83853720202879,0.00037017543349,0.00032026940266,,Summary1.As1,MONACCO,2009,Subsector,1. Energy,,
B. Fugitive emissions from fuels,0.00038572786,0.0234055867914,,,Summary1.As1,MONACCO,2009,Subsector,1. Energy,,
2.  Oil and natural gas and other emissions from energy production,0.00038572786,0.0234055867914,,,Summary1.As1,MONACCO,2009,Subsector,1. Energy,,
D.  Non-energy products from fuels and solvent use ,0.04144248317782,1.012983861e-05,2.08991588e-06,,Summary1.As1,MONACCO,2009,Subsector,1. Energy,,
F.  Product uses as substitutes for ODS,,,,,Summary1.As1,MONACCO,2009,Subsector,1. Energy,5.93211274592579,0.1287414
A. Fuel combustion     Reference approach(2),76.2000106689276,,,,Summary1.As1,MONACCO,2010,Subsector,1. Energy,,
                                           Sectoral approach(2),76.35954501225169,0.00616928473073,0.0064461226023,,Summary1.As1,MONACCO,2010,Subsector,1. Energy,,
1.  Energy industries,16.95520692204489,6.519976592e-05,0.00371364531118,,Summary1.As1,MONACCO,2010,Subsector,1. Energy,,
2.  Manufacturing industries and construction                          ,3.7280908170874,0.00016110885998,0.00099065880618,,Summary1.As1,MONACCO,2010,Subsector,1. Energy,,
3.  Transport,25.9643917936961,0.00555080344005,0.00140149922687,,Summary1.As1,MONACCO,2010,Subsector,1. Energy,,
4.  Other sectors,29.7118554794233,0.00039217266478,0.00034031925807,,Summary1.As1,MONACCO,2010,Subsector,1. Energy,,
B. Fugitive emissions from fuels,0.00039992532,0.0235291879032,,,Summary1.As1,MONACCO,2010,Subsector,1. Energy,,
2.  Oil and natural gas and other emissions from energy production,0.00039992532,0.0235291879032,,,Summary1.As1,MONACCO,2010,Subsector,1. Energy,,
D.  Non-energy products from fuels and solvent use ,0.03559264860851,8.17033551e-06,1.75781228e-06,,Summary1.As1,MONACCO,2010,Subsector,1. Energy,,
F.  Product uses as substitutes for ODS,,,,,Summary1.As1,MONACCO,2010,Subsector,1. Energy,5.88135623950686,0.03003966
A. Fuel combustion     Reference approach(2),74.28202725477531,,,,Summary1.As1,MONACCO,2011,Subsector,1. Energy,,
                                           Sectoral approach(2),74.49221080519688,0.00631040976659,0.0063184005555,,Summary1.As1,MONACCO,2011,Subsector,1. Energy,,
1.  Energy industries,19.09697941347825,5.342029952e-05,0.00352393663692,,Summary1.As1,MONACCO,2011,Subsector,1. Energy,,
2.  Manufacturing industries and construction                          ,3.5695012767277,0.00015897364805,0.00098856490644,,Summary1.As1,MONACCO,2011,Subsector,1. Energy,,
3.  Transport,27.86498656971872,0.0057697790394,0.00152173365219,,Summary1.As1,MONACCO,2011,Subsector,1. Energy,,
4.  Other sectors,23.96074354527221,0.00032823677962,0.00028416535995,,Summary1.As1,MONACCO,2011,Subsector,1. Energy,,
B. Fugitive emissions from fuels,0.00039030996,0.0234264961344,,,Summary1.As1,MONACCO,2011,Subsector,1. Energy,,
2.  Oil and natural gas and other emissions from energy production,0.00039030996,0.0234264961344,,,Summary1.As1,MONACCO,2011,Subsector,1. Energy,,
D.  Non-energy products from fuels and solvent use ,0.0396527449283,8.6613774e-06,1.93513022e-06,,Summary1.As1,MONACCO,2011,Subsector,1. Energy,,
F.  Product uses as substitutes for ODS,,,,,Summary1.As1,MONACCO,2011,Subsector,1. Energy,6.5163454110894,0.03003966
A. Fuel combustion     Reference approach(2),77.43276074820504,,,,Summary1.As1,MONACCO,2012,Subsector,1. Energy,,
                                           Sectoral approach(2),77.5974677516698,0.0065274212886,0.00624434181267,,Summary1.As1,MONACCO,2012,Subsector,1. Energy,,
1.  Energy industries,19.54257147808372,6.550951105e-05,0.00385231833458,,Summary1.As1,MONACCO,2012,Subsector,1. Energy,,
2.  Manufacturing industries and construction                          ,2.15467332068715,7.901901311e-05,0.00042882007669,,Summary1.As1,MONACCO,2012,Subsector,1. Energy,,
3.  Transport,30.21978074556768,0.00603151558291,0.00165748832207,,Summary1.As1,MONACCO,2012,Subsector,1. Energy,,
4.  Other sectors,25.68044220733125,0.00035137718153,0.00030571507933,,Summary1.As1,MONACCO,2012,Subsector,1. Energy,,
B. Fugitive emissions from fuels,0.00038954751,0.0234112244353,,,Summary1.As1,MONACCO,2012,Subsector,1. Energy,,
2.  Oil and natural gas and other emissions from energy production,0.00038954751,0.0234112244353,,,Summary1.As1,MONACCO,2012,Subsector,1. Energy,,
D.  Non-energy products from fuels and solvent use ,0.04457448100959,9.32901769e-06,2.15127121e-06,,Summary1.As1,MONACCO,2012,Subsector,1. Energy,,
F.  Product uses as substitutes for ODS,,,,,Summary1.As1,MONACCO,2012,Subsector,1. Energy,6.1542047331265,
A. Fuel combustion     Reference approach(2),78.18913620019347,,,,Summary1.As1,MONACCO,2013,Subsector,1. Energy,,
                                           Sectoral approach(2),78.35667959316491,0.00642995337362,0.00674716417066,,Summary1.As1,MONACCO,2013,Subsector,1. Energy,,
1.  Energy industries,20.25445320635174,8.296835949e-05,0.00432734667947,,Summary1.As1,MONACCO,2013,Subsector,1. Energy,,
2.  Manufacturing industries and construction                          ,2.31541973612664,8.344078276e-05,0.0004458370871,,Summary1.As1,MONACCO,2013,Subsector,1. Energy,,
3.  Transport,30.0387102683189,0.00590083394353,0.0016549109089,,Summary1.As1,MONACCO,2013,Subsector,1. Energy,,
4.  Other sectors,25.74809638236763,0.00036271028784,0.00031906949519,,Summary1.As1,MONACCO,2013,Subsector,1. Energy,,
B. Fugitive emissions from fuels,0.0003893481,0.023247727805,,,Summary1.As1,MONACCO,2013,Subsector,1. Energy,,
2.  Oil and natural gas and other emissions from energy production,0.0003893481,0.023247727805,,,Summary1.As1,MONACCO,2013,Subsector,1. Energy,,
D.  Non-energy products from fuels and solvent use ,0.04548957460898,9.35896798e-06,2.20497473e-06,,Summary1.As1,MONACCO,2013,Subsector,1. Energy,,
F.  Product uses as substitutes for ODS,,,,,Summary1.As1,MONACCO,2013,Subsector,1. Energy,7.26308847617979,0.030611844
A. Fuel combustion     Reference approach(2),73.34332960640192,,,,Summary1.As1,MONACCO,2014,Subsector,1. Energy,,
                                           Sectoral approach(2),73.50704318781902,0.00594437484504,0.00666030381591,,Summary1.As1,MONACCO,2014,Subsector,1. Energy,,
1.  Energy industries,20.74027954422368,7.884614379e-05,0.00429644822708,,Summary1.As1,MONACCO,2014,Subsector,1. Energy,,
2.  Manufacturing industries and construction                          ,2.42065218569396,9.452437444e-05,0.00053262048495,,Summary1.As1,MONACCO,2014,Subsector,1. Energy,,
3.  Transport,27.73740643383043,0.0054483186213,0.0015460792459,,Summary1.As1,MONACCO,2014,Subsector,1. Energy,,
4.  Other sectors,22.60870502407095,0.00032268570551,0.00028515585798,,Summary1.As1,MONACCO,2014,Subsector,1. Energy,,
B. Fugitive emissions from fuels,0.0003519,0.0227639661,,,Summary1.As1,MONACCO,2014,Subsector,1. Energy,,
2.  Oil and natural gas and other emissions from energy production,0.0003519,0.0227639661,,,Summary1.As1,MONACCO,2014,Subsector,1. Energy,,
D.  Non-energy products from fuels and solvent use ,0.04435603405827,8.85400673e-06,2.07378106e-06,,Summary1.As1,MONACCO,2014,Subsector,1. Energy,,
F.  Product uses as substitutes for ODS,,,,,Summary1.As1,MONACCO,2014,Subsector,1. Energy,6.53590513435144,0.0095364
A. Fuel combustion     Reference approach(2),75.77945763706107,,,,Summary1.As1,MONACCO,2015,Subsector,1. Energy,,
                                           Sectoral approach(2),75.76538046158268,0.00568880108647,0.0076100387224,,Summary1.As1,MONACCO,2015,Subsector,1. Energy,,
1.  Energy industries,21.70576496509034,8.354952856e-05,0.00455288327438,,Summary1.As1,MONACCO,2015,Subsector,1. Energy,,
2.  Manufacturing industries and construction                          ,4.36218213749999,0.00020878359635,0.00131732365047,,Summary1.As1,MONACCO,2015,Subsector,1. Energy,,
3.  Transport,26.00396279162811,0.00506497180569,0.00144346694353,,Summary1.As1,MONACCO,2015,Subsector,1. Energy,,
4.  Other sectors,23.69347056736424,0.00033149615587,0.00029636485402,,Summary1.As1,MONACCO,2015,Subsector,1. Energy,,
B. Fugitive emissions from fuels,0.00036363,0.022622062,,,Summary1.As1,MONACCO,2015,Subsector,1. Energy,,
2.  Oil and natural gas and other emissions from energy production,0.00036363,0.022622062,,,Summary1.As1,MONACCO,2015,Subsector,1. Energy,,
D.  Non-energy products from fuels and solvent use ,0.0426822709956,8.32173308e-06,1.93750459e-06,,Summary1.As1,MONACCO,2015,Subsector,1. Energy,,
F.  Product uses as substitutes for ODS,,,,,Summary1.As1,MONACCO,2015,Subsector,1. Energy,7.28940689378718,
A. Fuel combustion     Reference approach(2),74.34554351192904,,,,Summary1.As1,MONACCO,2016,Subsector,1. Energy,,
                                           Sectoral approach(2),74.28028608298071,0.00553488985567,0.00761797832992,,Summary1.As1,MONACCO,2016,Subsector,1. Energy,,
1.  Energy industries,21.51858674748233,7.288863991e-05,0.00418796104691,,Summary1.As1,MONACCO,2016,Subsector,1. Energy,,
2.  Manufacturing industries and construction                          ,5.35213145369865,0.00026849301979,0.00172879836666,,Summary1.As1,MONACCO,2016,Subsector,1. Energy,,
3.  Transport,24.99493071083852,0.00487959180367,0.00141822040549,,Summary1.As1,MONACCO,2016,Subsector,1. Energy,,
4.  Other sectors,22.41463717096121,0.0003139163923,0.00028299851086,,Summary1.As1,MONACCO,2016,Subsector,1. Energy,,
B. Fugitive emissions from fuels,0.00036363,0.022622062,,,Summary1.As1,MONACCO,2016,Subsector,1. Energy,,
2.  Oil and natural gas and other emissions from energy production,0.00036363,0.022622062,,,Summary1.As1,MONACCO,2016,Subsector,1. Energy,,
D.  Non-energy products from fuels and solvent use ,0.04335420794775,8.23181026e-06,1.93150431e-06,,Summary1.As1,MONACCO,2016,Subsector,1. Energy,,
F.  Product uses as substitutes for ODS,,,,,Summary1.As1,MONACCO,2016,Subsector,1. Energy,7.23132557551563,0.01001322
A. Fuel combustion     Reference approach(2),72.71058314009397,,,,Summary1.As1,MONACCO,2017,Subsector,1. Energy,,
                                           Sectoral approach(2),72.69786443681171,0.00551199677399,0.00700177727191,,Summary1.As1,MONACCO,2017,Subsector,1. Energy,,
1.  Energy industries,21.14265075617058,6.974669001e-05,0.00383104789097,,Summary1.As1,MONACCO,2017,Subsector,1. Energy,,
2.  Manufacturing industries and construction                          ,4.74152561856588,0.00023385513667,0.00149233869348,,Summary1.As1,MONACCO,2017,Subsector,1. Energy,,
3.  Transport,24.1820850610505,0.00489161695449,0.00139097681451,,Summary1.As1,MONACCO,2017,Subsector,1. Energy,,
4.  Other sectors,22.63160300102475,0.00031677799282,0.00028741387295,,Summary1.As1,MONACCO,2017,Subsector,1. Energy,,
B. Fugitive emissions from fuels,0.0003519,0.0221259661,,,Summary1.As1,MONACCO,2017,Subsector,1. Energy,,
2.  Oil and natural gas and other emissions from energy production,0.0003519,0.0221259661,,,Summary1.As1,MONACCO,2017,Subsector,1. Energy,,
D.  Non-energy products from fuels and solvent use ,0.0458344774632,8.48067252e-06,1.91824994e-06,,Summary1.As1,MONACCO,2017,Subsector,1. Energy,,
F.  Product uses as substitutes for ODS,,,,,Summary1.As1,MONACCO,2017,Subsector,1. Energy,6.2009739024228,0.009894015
A. Fuel combustion     Reference approach(2),74.52569222013992,,,,Summary1.As1,MONACCO,2018,Subsector,1. Energy,,
                                           Sectoral approach(2),74.39128591524133,0.0057174810703,0.00784911827334,,Summary1.As1,MONACCO,2018,Subsector,1. Energy,,
1.  Energy industries,21.5194185033143,6.723885118e-05,0.0040412931007,,Summary1.As1,MONACCO,2018,Subsector,1. Energy,,
2.  Manufacturing industries and construction                          ,6.47435590145491,0.00033195391287,0.00215190766937,,Summary1.As1,MONACCO,2018,Subsector,1. Energy,,
3.  Transport,23.75713304177972,0.00500230663903,0.00136843547564,,Summary1.As1,MONACCO,2018,Subsector,1. Energy,,
4.  Other sectors,22.6403784686924,0.00031598166722,0.00028748202763,,Summary1.As1,MONACCO,2018,Subsector,1. Energy,,
B. Fugitive emissions from fuels,0.0003519,0.0220534661,,,Summary1.As1,MONACCO,2018,Subsector,1. Energy,,
2.  Oil and natural gas and other emissions from energy production,0.0003519,0.0220534661,,,Summary1.As1,MONACCO,2018,Subsector,1. Energy,,
D.  Non-energy products from fuels and solvent use ,0.04871184127499,8.98788936e-06,1.94559495e-06,,Summary1.As1,MONACCO,2018,Subsector,1. Energy,,
F.  Product uses as substitutes for ODS,,,,,Summary1.As1,MONACCO,2018,Subsector,1. Energy,7.62579342220342,0.000357615
A. Fuel combustion     Reference approach(2),71.15913408128293,,,,Summary1.As1,MONACCO,2019,Subsector,1. Energy,,
                                           Sectoral approach(2),71.0730470503406,0.00553408355044,0.00714252549072,,Summary1.As1,MONACCO,2019,Subsector,1. Energy,,
1.  Energy industries,21.73437826065095,6.30760907e-05,0.0036644990259,,Summary1.As1,MONACCO,2019,Subsector,1. Energy,,
2.  Manufacturing industries and construction                          ,4.94015616087163,0.00028084412987,0.00190097103349,,Summary1.As1,MONACCO,2019,Subsector,1. Energy,,
3.  Transport,22.37656622425255,0.0048685945637,0.00128469886903,,Summary1.As1,MONACCO,2019,Subsector,1. Energy,,
4.  Other sectors,22.02194640456548,0.00032156876617,0.0002923565623,,Summary1.As1,MONACCO,2019,Subsector,1. Energy,,
B. Fugitive emissions from fuels,0.0003519,0.0217489661,,,Summary1.As1,MONACCO,2019,Subsector,1. Energy,,
2.  Oil and natural gas and other emissions from energy production,0.0003519,0.0217489661,,,Summary1.As1,MONACCO,2019,Subsector,1. Energy,,
D.  Non-energy products from fuels and solvent use ,0.04690452841473,8.84958946e-06,1.81970964e-06,,Summary1.As1,MONACCO,2019,Subsector,1. Energy,,
F.  Product uses as substitutes for ODS,,,,,Summary1.As1,MONACCO,2019,Subsector,1. Energy,7.7720225714799,0.000357615
A. Fuel combustion     Reference approach(2),60.64117320844012,,,,Summary1.As1,MONACCO,2020,Subsector,1. Energy,,
                                           Sectoral approach(2),60.48710354333958,0.00461792889345,0.00667181774737,,Summary1.As1,MONACCO,2020,Subsector,1. Energy,,
1.  Energy industries,17.76467381169797,4.664320801e-05,0.00280566457459,,Summary1.As1,MONACCO,2020,Subsector,1. Energy,,
2.  Manufacturing industries and construction                          ,6.30549654373406,0.00036952380413,0.00252446115086,,Summary1.As1,MONACCO,2020,Subsector,1. Energy,,
3.  Transport,18.47416919298066,0.00391259660482,0.00107683509206,,Summary1.As1,MONACCO,2020,Subsector,1. Energy,,
4.  Other sectors,17.94276399492689,0.00028916527649,0.00026485692986,,Summary1.As1,MONACCO,2020,Subsector,1. Energy,,
B. Fugitive emissions from fuels,0.00035597031,0.0211075653554,,,Summary1.As1,MONACCO,2020,Subsector,1. Energy,,
2.  Oil and natural gas and other emissions from energy production,0.00035597031,0.0211075653554,,,Summary1.As1,MONACCO,2020,Subsector,1. Energy,,
D.  Non-energy products from fuels and solvent use ,0.04000187833392,7.16186701e-06,1.50471027e-06,,Summary1.As1,MONACCO,2020,Subsector,1. Energy,,
F.  Product uses as substitutes for ODS,,,,,Summary1.As1,MONACCO,2020,Subsector,1. Energy,5.63628839312667,
A. Fuel combustion     Reference approach(2),64.65819815442138,,,,Summary1.As1,MONACCO,2021,Subsector,1. Energy,,
                                           Sectoral approach(2),64.37870327866078,0.0050637294752,0.00740669432245,,Summary1.As1,MONACCO,2021,Subsector,1. Energy,,
1.  Energy industries,20.43358989183287,5.375534934e-05,0.0034128814824,,Summary1.As1,MONACCO,2021,Subsector,1. Energy,,
2.  Manufacturing industries and construction                          ,6.08608220345113,0.00038889292566,0.00265870835356,,Summary1.As1,MONACCO,2021,Subsector,1. Energy,,
3.  Transport,17.83472834868084,0.00403627736785,0.00104570165571,,Summary1.As1,MONACCO,2021,Subsector,1. Energy,,
4.  Other sectors,20.02430283469594,0.00058480383235,0.00028940283078,,Summary1.As1,MONACCO,2021,Subsector,1. Energy,,
B. Fugitive emissions from fuels,0.0003545979,0.0208915591351,,,Summary1.As1,MONACCO,2021,Subsector,1. Energy,,
2.  Oil and natural gas and other emissions from energy production,0.0003545979,0.0208915591351,,,Summary1.As1,MONACCO,2021,Subsector,1. Energy,,
D.  Non-energy products from fuels and solvent use ,0.03970996985796,7.56349497e-06,1.48930051e-06,,Summary1.As1,MONACCO,2021,Subsector,1. Energy,,
F.  Product uses as substitutes for ODS,,,,,Summary1.As1,MONACCO,2021,Subsector,1. Energy,5.58085290571414,0.000596025
Navigation,4.32436939782047,0.000406724196,0.00011620691315,,Summary1.As3,MONACCO,1990,Subsector,International bunkers,,
Navigation,5.58966208672146,0.00052576141966,0.00015021754848,,Summary1.As3,MONACCO,1991,Subsector,International bunkers,,
Navigation,5.18328661053575,0.00048777110521,0.00013936317293,,Summary1.As3,MONACCO,1992,Subsector,International bunkers,,
Navigation,4.3946148225562,0.00041377592729,0.00011822169352,,Summary1.As3,MONACCO,1993,Subsector,International bunkers,,
Navigation,4.41953673350973,0.00041690496583,0.00011911570453,,Summary1.As3,MONACCO,1994,Subsector,International bunkers,,
Navigation,4.2563920144164,0.00040259275055,0.00011502650016,,Summary1.As3,MONACCO,1995,Subsector,International bunkers,,
Navigation,3.90488451434513,0.00036995599915,0.00010570171404,,Summary1.As3,MONACCO,1996,Subsector,International bunkers,,
Navigation,5.44025805076135,0.00051633163884,0.00014752332539,,Summary1.As3,MONACCO,1997,Subsector,International bunkers,,
Navigation,5.10950336452528,0.0004839443772,0.00013826982205,,Summary1.As3,MONACCO,1998,Subsector,International bunkers,,
Navigation,7.21634849959585,0.00068394368489,0.00019541248139,,Summary1.As3,MONACCO,1999,Subsector,International bunkers,,
Navigation,10.11732577657934,0.00096035938283,0.00027438839509,,Summary1.As3,MONACCO,2000,Subsector,International bunkers,,
Navigation,13.98328175738659,0.00132678326447,0.00037908093271,,Summary1.As3,MONACCO,2001,Subsector,International bunkers,,
Navigation,11.76613504978174,0.00111578550324,0.00031879585806,,Summary1.As3,MONACCO,2002,Subsector,International bunkers,,
Navigation,13.82176966989957,0.00131091207976,0.0003745463085,,Summary1.As3,MONACCO,2003,Subsector,International bunkers,,
Navigation,15.65429851995518,0.00148489184081,0.00042425481166,,Summary1.As3,MONACCO,2004,Subsector,International bunkers,,
Navigation,15.53694012262344,0.00148337384343,0.00042382109813,,Summary1.As3,MONACCO,2005,Subsector,International bunkers,,
Navigation,15.22840120442682,0.00145691119957,0.00041626034272,,Summary1.As3,MONACCO,2006,Subsector,International bunkers,,
Navigation,17.61199806502148,0.00171425489319,0.00048978711234,,Summary1.As3,MONACCO,2007,Subsector,International bunkers,,
Navigation,20.67998058802549,0.00205796260368,0.00058798931534,,Summary1.As3,MONACCO,2008,Subsector,International bunkers,,
Navigation,22.69525264738059,0.0022707520914,0.00064878631183,,Summary1.As3,MONACCO,2009,Subsector,International bunkers,,
Navigation,24.73767917128213,0.00246940909557,0.00070554545588,,Summary1.As3,MONACCO,2010,Subsector,International bunkers,,
Navigation,21.63512358519111,0.00215537378297,0.00061582108084,,Summary1.As3,MONACCO,2011,Subsector,International bunkers,,
Navigation,24.49229620175294,0.00244453195623,0.00069843770178,,Summary1.As3,MONACCO,2012,Subsector,International bunkers,,
Navigation,23.71443890167278,0.00236676753956,0.00067621929702,,Summary1.As3,MONACCO,2013,Subsector,International bunkers,,
Navigation,20.52874026832948,0.00206099972263,0.00058885706361,,Summary1.As3,MONACCO,2014,Subsector,International bunkers,,
Navigation,22.81112319360406,0.00229071248919,0.00065448928263,,Summary1.As3,MONACCO,2015,Subsector,International bunkers,,
Navigation,16.79539153654138,0.00169150706216,0.00048328773205,,Summary1.As3,MONACCO,2016,Subsector,International bunkers,,
Navigation,12.10714575947725,0.00122515772078,0.00035004506307,,Summary1.As3,MONACCO,2017,Subsector,International bunkers,,
Navigation,9.96228203126537,0.00101143552418,0.00028898157834,,Summary1.As3,MONACCO,2018,Subsector,International bunkers,,
Navigation,9.55434374397649,0.00097036665089,0.00027724761455,,Summary1.As3,MONACCO,2019,Subsector,International bunkers,,
Navigation,8.46986210439629,0.00085741388831,0.00024497539665,,Summary1.As3,MONACCO,2020,Subsector,International bunkers,,
Navigation,9.1946924796322,0.00093458917014,0.00026702547719,,Summary1.As3,MONACCO,2021,Subsector,International bunkers,,
